2026/10/09 00:17:25.403, NVIDIA L4, 0, 0
2026/10/09 00:17:25.608, NVIDIA L4, 17, 0
2026/10/09 00:17:25.813, NVIDIA L4, 238, 0
2026/10/09 00:17:26.013, NVIDIA L4, 238, 0
2026/10/09 00:17:26.213, NVIDIA L4, 238, 0
2026/10/09 00:17:26.414, NVIDIA L4, 238, 0
2026/10/09 00:17:26.614, NVIDIA L4, 238, 0
2026/10/09 00:17:26.814, NVIDIA L4, 238, 0
2026/10/09 00:17:27.014, NVIDIA L4, 238, 0
2026/10/09 00:17:27.214, NVIDIA L4, 238, 0
2026/10/09 00:17:27.415, NVIDIA L4, 238, 0
2026/10/09 00:17:27.615, NVIDIA L4, 238, 0
2026/10/09 00:17:27.815, NVIDIA L4, 238, 0
2026/10/09 00:17:28.015, NVIDIA L4, 238, 0
2026/10/09 00:17:28.216, NVIDIA L4, 266, 0
2026/10/09 00:17:28.416, NVIDIA L4, 266, 0
2026/10/09 00:17:28.616, NVIDIA L4, 266, 0
2026/10/09 00:17:28.816, NVIDIA L4, 266, 0
2026/10/09 00:17:29.016, NVIDIA L4, 266, 0
2026/10/09 00:17:29.217, NVIDIA L4, 266, 0
2026/10/09 00:17:29.417, NVIDIA L4, 266, 0
2026/10/09 00:17:29.617, NVIDIA L4, 266, 0
2026/10/09 00:17:29.817, NVIDIA L4, 266, 0
2026/10/09 00:17:30.017, NVIDIA L4, 266, 0
2026/10/09 00:17:30.218, NVIDIA L4, 266, 0
2026/10/09 00:17:30.418, NVIDIA L4, 266, 0
2026/10/09 00:17:30.618, NVIDIA L4, 266, 0
2026/10/09 00:17:30.818, NVIDIA L4, 266, 0
2026/10/09 00:17:31.018, NVIDIA L4, 266, 0
2026/10/09 00:17:31.219, NVIDIA L4, 266, 0
2026/10/09 00:17:31.419, NVIDIA L4, 266, 0
2026/10/09 00:17:31.619, NVIDIA L4, 266, 0
2026/10/09 00:17:31.819, NVIDIA L4, 266, 0
2026/10/09 00:17:32.020, NVIDIA L4, 266, 0
2026/10/09 00:17:32.220, NVIDIA L4, 266, 0
2026/10/09 00:17:32.420, NVIDIA L4, 266, 0
2026/10/09 00:17:32.620, NVIDIA L4, 266, 0
2026/10/09 00:17:32.820, NVIDIA L4, 266, 0
2026/10/09 00:17:33.021, NVIDIA L4, 266, 0
2026/10/09 00:17:33.221, NVIDIA L4, 266, 0
2026/10/09 00:17:33.421, NVIDIA L4, 266, 0
2026/10/09 00:17:33.622, NVIDIA L4, 266, 0
2026/10/09 00:17:33.822, NVIDIA L4, 266, 0
2026/10/09 00:17:34.022, NVIDIA L4, 266, 0
2026/10/09 00:17:34.222, NVIDIA L4, 266, 0
2026/10/09 00:17:34.422, NVIDIA L4, 266, 0
2026/10/09 00:17:34.623, NVIDIA L4, 266, 0
2026/10/09 00:17:34.823, NVIDIA L4, 266, 0
2026/10/09 00:17:35.023, NVIDIA L4, 266, 0
2026/10/09 00:17:35.223, NVIDIA L4, 266, 0
2026/10/09 00:17:35.423, NVIDIA L4, 266, 0
2026/10/09 00:17:35.624, NVIDIA L4, 266, 0
2026/10/09 00:17:35.824, NVIDIA L4, 266, 0
2026/10/09 00:17:36.024, NVIDIA L4, 266, 0
2026/10/09 00:17:36.224, NVIDIA L4, 266, 0
2026/10/09 00:17:36.424, NVIDIA L4, 266, 0
2026/10/09 00:17:36.625, NVIDIA L4, 266, 0
2026/10/09 00:17:36.825, NVIDIA L4, 266, 0
2026/10/09 00:17:37.025, NVIDIA L4, 266, 0
2026/10/09 00:17:37.225, NVIDIA L4, 266, 0
2026/10/09 00:17:37.426, NVIDIA L4, 266, 0
2026/10/09 00:17:37.626, NVIDIA L4, 266, 0
2026/10/09 00:17:37.826, NVIDIA L4, 266, 0
2026/10/09 00:17:38.026, NVIDIA L4, 266, 0
2026/10/09 00:17:38.226, NVIDIA L4, 266, 0
2026/10/09 00:17:38.427, NVIDIA L4, 266, 0
2026/10/09 00:17:38.627, NVIDIA L4, 266, 0
2026/10/09 00:17:38.827, NVIDIA L4, 266, 0
2026/10/09 00:17:39.027, NVIDIA L4, 266, 0
2026/10/09 00:17:39.227, NVIDIA L4, 266, 0
2026/10/09 00:17:39.428, NVIDIA L4, 266, 0
2026/10/09 00:17:39.628, NVIDIA L4, 266, 0
2026/10/09 00:17:39.828, NVIDIA L4, 266, 0
2026/10/09 00:17:40.028, NVIDIA L4, 266, 0
2026/10/09 00:17:40.229, NVIDIA L4, 266, 0
2026/10/09 00:17:40.429, NVIDIA L4, 266, 0
2026/10/09 00:17:40.629, NVIDIA L4, 298, 7
2026/10/09 00:17:40.829, NVIDIA L4, 298, 0
2026/10/09 00:17:41.029, NVIDIA L4, 490, 22
2026/10/09 00:17:41.230, NVIDIA L4, 522, 51
2026/10/09 00:17:41.430, NVIDIA L4, 522, 48
2026/10/09 00:17:41.630, NVIDIA L4, 522, 53
2026/10/09 00:17:41.830, NVIDIA L4, 522, 49
2026/10/09 00:17:42.030, NVIDIA L4, 522, 51
2026/10/09 00:17:42.231, NVIDIA L4, 554, 51
2026/10/09 00:17:42.431, NVIDIA L4, 522, 50
2026/10/09 00:17:42.631, NVIDIA L4, 522, 51
2026/10/09 00:17:42.831, NVIDIA L4, 554, 50
2026/10/09 00:17:43.031, NVIDIA L4, 554, 50
2026/10/09 00:17:43.232, NVIDIA L4, 554, 49
2026/10/09 00:17:43.432, NVIDIA L4, 554, 50
2026/10/09 00:17:43.632, NVIDIA L4, 586, 51
2026/10/09 00:17:43.832, NVIDIA L4, 554, 52
2026/10/09 00:17:44.032, NVIDIA L4, 554, 49
2026/10/09 00:17:44.233, NVIDIA L4, 554, 51
2026/10/09 00:17:44.433, NVIDIA L4, 586, 52
2026/10/09 00:17:44.633, NVIDIA L4, 554, 50
2026/10/09 00:17:44.833, NVIDIA L4, 554, 48
2026/10/09 00:17:45.033, NVIDIA L4, 554, 51
2026/10/09 00:17:45.234, NVIDIA L4, 586, 51
2026/10/09 00:17:45.434, NVIDIA L4, 554, 51
2026/10/09 00:17:45.634, NVIDIA L4, 554, 49
2026/10/09 00:17:45.834, NVIDIA L4, 554, 50
2026/10/09 00:17:46.034, NVIDIA L4, 586, 51
2026/10/09 00:17:46.235, NVIDIA L4, 618, 50
2026/10/09 00:17:46.435, NVIDIA L4, 586, 50
2026/10/09 00:17:46.635, NVIDIA L4, 586, 51
2026/10/09 00:17:46.835, NVIDIA L4, 586, 50
2026/10/09 00:17:47.036, NVIDIA L4, 586, 50
2026/10/09 00:17:47.236, NVIDIA L4, 586, 47
2026/10/09 00:17:47.436, NVIDIA L4, 586, 50
2026/10/09 00:17:47.636, NVIDIA L4, 586, 52
2026/10/09 00:17:47.836, NVIDIA L4, 618, 51
2026/10/09 00:17:48.037, NVIDIA L4, 586, 50
2026/10/09 00:17:48.237, NVIDIA L4, 586, 48
2026/10/09 00:17:48.437, NVIDIA L4, 586, 51
2026/10/09 00:17:48.637, NVIDIA L4, 618, 49
2026/10/09 00:17:48.838, NVIDIA L4, 586, 50
2026/10/09 00:17:49.038, NVIDIA L4, 586, 49
2026/10/09 00:17:49.238, NVIDIA L4, 586, 51
2026/10/09 00:17:49.438, NVIDIA L4, 618, 51
2026/10/09 00:17:49.639, NVIDIA L4, 586, 51
2026/10/09 00:17:49.839, NVIDIA L4, 586, 49
2026/10/09 00:17:50.039, NVIDIA L4, 586, 51
2026/10/09 00:17:50.239, NVIDIA L4, 586, 51
2026/10/09 00:17:50.439, NVIDIA L4, 618, 51
2026/10/09 00:17:50.640, NVIDIA L4, 618, 50
2026/10/09 00:17:50.840, NVIDIA L4, 618, 48
2026/10/09 00:17:51.040, NVIDIA L4, 618, 51
2026/10/09 00:17:51.240, NVIDIA L4, 618, 50
2026/10/09 00:17:51.441, NVIDIA L4, 650, 49
2026/10/09 00:17:51.641, NVIDIA L4, 618, 49
2026/10/09 00:17:51.841, NVIDIA L4, 618, 50
2026/10/09 00:17:52.041, NVIDIA L4, 650, 50
2026/10/09 00:17:52.242, NVIDIA L4, 618, 49
2026/10/09 00:17:52.442, NVIDIA L4, 618, 50
2026/10/09 00:17:52.642, NVIDIA L4, 618, 51
2026/10/09 00:17:52.842, NVIDIA L4, 650, 52
2026/10/09 00:17:53.042, NVIDIA L4, 650, 50
2026/10/09 00:17:53.243, NVIDIA L4, 618, 48
2026/10/09 00:17:53.443, NVIDIA L4, 618, 51
2026/10/09 00:17:53.643, NVIDIA L4, 618, 52
2026/10/09 00:17:53.843, NVIDIA L4, 650, 50
2026/10/09 00:17:54.044, NVIDIA L4, 618, 50
2026/10/09 00:17:54.244, NVIDIA L4, 618, 50
2026/10/09 00:17:54.444, NVIDIA L4, 618, 51
2026/10/09 00:17:54.644, NVIDIA L4, 650, 51
2026/10/09 00:17:54.844, NVIDIA L4, 650, 50
2026/10/09 00:17:55.045, NVIDIA L4, 650, 48
2026/10/09 00:17:55.245, NVIDIA L4, 650, 50
2026/10/09 00:17:55.445, NVIDIA L4, 650, 50
2026/10/09 00:17:55.645, NVIDIA L4, 650, 51
2026/10/09 00:17:55.846, NVIDIA L4, 650, 49
2026/10/09 00:17:56.046, NVIDIA L4, 650, 48
2026/10/09 00:17:56.246, NVIDIA L4, 650, 49
2026/10/09 00:17:56.446, NVIDIA L4, 650, 50
2026/10/09 00:17:56.646, NVIDIA L4, 682, 50
2026/10/09 00:17:56.847, NVIDIA L4, 682, 49
2026/10/09 00:17:57.047, NVIDIA L4, 650, 50
2026/10/09 00:17:57.247, NVIDIA L4, 650, 50
2026/10/09 00:17:57.447, NVIDIA L4, 682, 50
2026/10/09 00:17:57.647, NVIDIA L4, 650, 48
2026/10/09 00:17:57.848, NVIDIA L4, 650, 51
2026/10/09 00:17:58.048, NVIDIA L4, 650, 51
2026/10/09 00:17:58.248, NVIDIA L4, 682, 50
2026/10/09 00:17:58.448, NVIDIA L4, 682, 50
2026/10/09 00:17:58.649, NVIDIA L4, 650, 50
2026/10/09 00:17:58.849, NVIDIA L4, 650, 51
2026/10/09 00:17:59.049, NVIDIA L4, 650, 51
2026/10/09 00:17:59.249, NVIDIA L4, 650, 43
2026/10/09 00:17:59.449, NVIDIA L4, 650, 52
2026/10/09 00:17:59.649, NVIDIA L4, 682, 50
2026/10/09 00:17:59.850, NVIDIA L4, 682, 48
2026/10/09 00:18:00.050, NVIDIA L4, 650, 51
2026/10/09 00:18:00.250, NVIDIA L4, 682, 52
2026/10/09 00:18:00.450, NVIDIA L4, 650, 48
2026/10/09 00:18:00.651, NVIDIA L4, 682, 48
2026/10/09 00:18:00.851, NVIDIA L4, 682, 50
2026/10/09 00:18:01.051, NVIDIA L4, 682, 51
2026/10/09 00:18:01.251, NVIDIA L4, 682, 51
2026/10/09 00:18:01.451, NVIDIA L4, 682, 51
2026/10/09 00:18:01.652, NVIDIA L4, 682, 48
2026/10/09 00:18:01.852, NVIDIA L4, 682, 50
2026/10/09 00:18:02.052, NVIDIA L4, 682, 51
2026/10/09 00:18:02.252, NVIDIA L4, 682, 51
2026/10/09 00:18:02.452, NVIDIA L4, 714, 49
2026/10/09 00:18:02.653, NVIDIA L4, 682, 51
2026/10/09 00:18:02.853, NVIDIA L4, 682, 51
2026/10/09 00:18:03.053, NVIDIA L4, 682, 52
2026/10/09 00:18:03.253, NVIDIA L4, 682, 50
2026/10/09 00:18:03.453, NVIDIA L4, 714, 50
2026/10/09 00:18:03.654, NVIDIA L4, 682, 44
2026/10/09 00:18:03.854, NVIDIA L4, 682, 51
2026/10/09 00:18:04.054, NVIDIA L4, 682, 51
2026/10/09 00:18:04.254, NVIDIA L4, 714, 46
2026/10/09 00:18:04.454, NVIDIA L4, 682, 51
2026/10/09 00:18:04.655, NVIDIA L4, 682, 51
2026/10/09 00:18:04.855, NVIDIA L4, 682, 50
2026/10/09 00:18:05.055, NVIDIA L4, 714, 49
2026/10/09 00:18:05.255, NVIDIA L4, 682, 51
2026/10/09 00:18:05.455, NVIDIA L4, 682, 49
2026/10/09 00:18:05.656, NVIDIA L4, 682, 50
2026/10/09 00:18:05.856, NVIDIA L4, 714, 50
2026/10/09 00:18:06.056, NVIDIA L4, 682, 51
2026/10/09 00:18:06.256, NVIDIA L4, 682, 51
2026/10/09 00:18:06.456, NVIDIA L4, 682, 51
2026/10/09 00:18:06.657, NVIDIA L4, 714, 49
2026/10/09 00:18:06.857, NVIDIA L4, 714, 51
2026/10/09 00:18:07.057, NVIDIA L4, 682, 51
2026/10/09 00:18:07.257, NVIDIA L4, 682, 51
2026/10/09 00:18:07.458, NVIDIA L4, 682, 50
2026/10/09 00:18:07.658, NVIDIA L4, 298, 48
2026/10/09 00:18:07.858, NVIDIA L4, 330, 0
2026/10/09 00:18:08.058, NVIDIA L4, 362, 8
2026/10/09 00:18:08.258, NVIDIA L4, 362, 0
2026/10/09 00:18:08.459, NVIDIA L4, 2218, 3
2026/10/09 00:18:08.659, NVIDIA L4, 1194, 63
2026/10/09 00:18:08.859, NVIDIA L4, 2314, 98
2026/10/09 00:18:09.059, NVIDIA L4, 490, 96
2026/10/09 00:18:09.259, NVIDIA L4, 2314, 98
2026/10/09 00:18:09.460, NVIDIA L4, 682, 96
2026/10/09 00:18:09.660, NVIDIA L4, 2314, 97
2026/10/09 00:18:09.860, NVIDIA L4, 810, 96
2026/10/09 00:18:10.060, NVIDIA L4, 2314, 97
2026/10/09 00:18:10.260, NVIDIA L4, 906, 97
2026/10/09 00:18:10.461, NVIDIA L4, 2314, 97
2026/10/09 00:18:10.661, NVIDIA L4, 1034, 97
2026/10/09 00:18:10.861, NVIDIA L4, 2218, 97
2026/10/09 00:18:11.061, NVIDIA L4, 2218, 2
2026/10/09 00:18:11.262, NVIDIA L4, 1930, 0
2026/10/09 00:18:11.462, NVIDIA L4, 490, 81
2026/10/09 00:18:11.662, NVIDIA L4, 522, 1
2026/10/09 00:18:11.862, NVIDIA L4, 522, 12
2026/10/09 00:18:12.063, NVIDIA L4, 522, 0
2026/10/09 00:18:12.263, NVIDIA L4, 714, 18
2026/10/09 00:18:12.463, NVIDIA L4, 746, 45
2026/10/09 00:18:12.663, NVIDIA L4, 746, 50
2026/10/09 00:18:12.864, NVIDIA L4, 746, 50
2026/10/09 00:18:13.064, NVIDIA L4, 778, 51
2026/10/09 00:18:13.264, NVIDIA L4, 746, 51
2026/10/09 00:18:13.464, NVIDIA L4, 746, 51
2026/10/09 00:18:13.665, NVIDIA L4, 778, 50
2026/10/09 00:18:13.865, NVIDIA L4, 778, 51
2026/10/09 00:18:14.065, NVIDIA L4, 746, 52
2026/10/09 00:18:14.265, NVIDIA L4, 746, 51
2026/10/09 00:18:14.466, NVIDIA L4, 778, 48
2026/10/09 00:18:14.666, NVIDIA L4, 778, 49
2026/10/09 00:18:14.866, NVIDIA L4, 778, 51
2026/10/09 00:18:15.066, NVIDIA L4, 778, 51
2026/10/09 00:18:15.267, NVIDIA L4, 778, 48
2026/10/09 00:18:15.467, NVIDIA L4, 810, 50
2026/10/09 00:18:15.667, NVIDIA L4, 778, 51
2026/10/09 00:18:15.868, NVIDIA L4, 778, 51
2026/10/09 00:18:16.068, NVIDIA L4, 778, 49
2026/10/09 00:18:16.268, NVIDIA L4, 778, 51
2026/10/09 00:18:16.468, NVIDIA L4, 810, 52
2026/10/09 00:18:16.669, NVIDIA L4, 778, 51
2026/10/09 00:18:16.869, NVIDIA L4, 778, 50
2026/10/09 00:18:17.069, NVIDIA L4, 778, 49
2026/10/09 00:18:17.269, NVIDIA L4, 778, 51
2026/10/09 00:18:17.470, NVIDIA L4, 810, 51
2026/10/09 00:18:17.670, NVIDIA L4, 778, 52
2026/10/09 00:18:17.870, NVIDIA L4, 778, 51
2026/10/09 00:18:18.070, NVIDIA L4, 810, 51
2026/10/09 00:18:18.271, NVIDIA L4, 778, 51
2026/10/09 00:18:18.471, NVIDIA L4, 778, 50
2026/10/09 00:18:18.671, NVIDIA L4, 778, 49
2026/10/09 00:18:18.871, NVIDIA L4, 778, 51
2026/10/09 00:18:19.072, NVIDIA L4, 810, 51
2026/10/09 00:18:19.272, NVIDIA L4, 778, 51
2026/10/09 00:18:19.472, NVIDIA L4, 810, 48
2026/10/09 00:18:19.672, NVIDIA L4, 810, 46
2026/10/09 00:18:19.873, NVIDIA L4, 810, 50
2026/10/09 00:18:20.073, NVIDIA L4, 810, 49
2026/10/09 00:18:20.273, NVIDIA L4, 810, 48
2026/10/09 00:18:20.473, NVIDIA L4, 842, 51
2026/10/09 00:18:20.674, NVIDIA L4, 810, 50
2026/10/09 00:18:20.874, NVIDIA L4, 810, 49
2026/10/09 00:18:21.074, NVIDIA L4, 810, 49
2026/10/09 00:18:21.274, NVIDIA L4, 810, 51
2026/10/09 00:18:21.475, NVIDIA L4, 842, 51
2026/10/09 00:18:21.675, NVIDIA L4, 842, 51
2026/10/09 00:18:21.875, NVIDIA L4, 810, 49
2026/10/09 00:18:22.075, NVIDIA L4, 810, 50
2026/10/09 00:18:22.276, NVIDIA L4, 842, 51
2026/10/09 00:18:22.476, NVIDIA L4, 842, 50
2026/10/09 00:18:22.676, NVIDIA L4, 842, 49
2026/10/09 00:18:22.876, NVIDIA L4, 842, 48
2026/10/09 00:18:23.077, NVIDIA L4, 842, 49
2026/10/09 00:18:23.277, NVIDIA L4, 842, 48
2026/10/09 00:18:23.477, NVIDIA L4, 842, 50
2026/10/09 00:18:23.677, NVIDIA L4, 842, 50
2026/10/09 00:18:23.878, NVIDIA L4, 842, 50
2026/10/09 00:18:24.078, NVIDIA L4, 842, 49
2026/10/09 00:18:24.279, NVIDIA L4, 842, 49
2026/10/09 00:18:24.479, NVIDIA L4, 842, 51
2026/10/09 00:18:24.679, NVIDIA L4, 874, 51
2026/10/09 00:18:24.879, NVIDIA L4, 842, 50
2026/10/09 00:18:25.080, NVIDIA L4, 842, 49
2026/10/09 00:18:25.280, NVIDIA L4, 842, 51
2026/10/09 00:18:25.480, NVIDIA L4, 842, 51
2026/10/09 00:18:25.680, NVIDIA L4, 842, 50
2026/10/09 00:18:25.881, NVIDIA L4, 842, 49
2026/10/09 00:18:26.081, NVIDIA L4, 842, 49
2026/10/09 00:18:26.281, NVIDIA L4, 842, 51
2026/10/09 00:18:26.481, NVIDIA L4, 842, 51
2026/10/09 00:18:26.682, NVIDIA L4, 874, 50
2026/10/09 00:18:26.882, NVIDIA L4, 842, 50
2026/10/09 00:18:27.082, NVIDIA L4, 842, 50
2026/10/09 00:18:27.282, NVIDIA L4, 842, 51
2026/10/09 00:18:27.483, NVIDIA L4, 874, 50
2026/10/09 00:18:27.683, NVIDIA L4, 842, 50
2026/10/09 00:18:27.883, NVIDIA L4, 842, 50
2026/10/09 00:18:28.083, NVIDIA L4, 842, 48
2026/10/09 00:18:28.284, NVIDIA L4, 874, 51
2026/10/09 00:18:28.484, NVIDIA L4, 842, 50
2026/10/09 00:18:28.684, NVIDIA L4, 842, 49
2026/10/09 00:18:28.884, NVIDIA L4, 842, 51
2026/10/09 00:18:29.085, NVIDIA L4, 842, 52
2026/10/09 00:18:29.285, NVIDIA L4, 842, 50
2026/10/09 00:18:29.485, NVIDIA L4, 842, 52
2026/10/09 00:18:29.685, NVIDIA L4, 842, 51
2026/10/09 00:18:29.886, NVIDIA L4, 874, 50
2026/10/09 00:18:30.086, NVIDIA L4, 874, 50
2026/10/09 00:18:30.286, NVIDIA L4, 874, 48
2026/10/09 00:18:30.486, NVIDIA L4, 874, 50
2026/10/09 00:18:30.687, NVIDIA L4, 874, 52
2026/10/09 00:18:30.887, NVIDIA L4, 874, 49
2026/10/09 00:18:31.087, NVIDIA L4, 874, 50
2026/10/09 00:18:31.287, NVIDIA L4, 874, 50
2026/10/09 00:18:31.488, NVIDIA L4, 874, 49
2026/10/09 00:18:31.688, NVIDIA L4, 874, 48
2026/10/09 00:18:31.888, NVIDIA L4, 874, 49
2026/10/09 00:18:32.088, NVIDIA L4, 874, 50
2026/10/09 00:18:32.289, NVIDIA L4, 874, 50
2026/10/09 00:18:32.489, NVIDIA L4, 906, 49
2026/10/09 00:18:32.689, NVIDIA L4, 906, 49
2026/10/09 00:18:32.889, NVIDIA L4, 874, 50
2026/10/09 00:18:33.090, NVIDIA L4, 874, 52
2026/10/09 00:18:33.290, NVIDIA L4, 874, 51
2026/10/09 00:18:33.490, NVIDIA L4, 874, 50
2026/10/09 00:18:33.690, NVIDIA L4, 874, 49
2026/10/09 00:18:33.890, NVIDIA L4, 874, 50
2026/10/09 00:18:34.091, NVIDIA L4, 874, 50
2026/10/09 00:18:34.291, NVIDIA L4, 874, 50
2026/10/09 00:18:34.491, NVIDIA L4, 874, 50
2026/10/09 00:18:34.691, NVIDIA L4, 874, 44
2026/10/09 00:18:34.892, NVIDIA L4, 874, 50
2026/10/09 00:18:35.092, NVIDIA L4, 874, 51
2026/10/09 00:18:35.292, NVIDIA L4, 874, 50
2026/10/09 00:18:35.492, NVIDIA L4, 874, 50
2026/10/09 00:18:35.692, NVIDIA L4, 874, 49
2026/10/09 00:18:35.893, NVIDIA L4, 874, 51
2026/10/09 00:18:36.093, NVIDIA L4, 874, 52
2026/10/09 00:18:36.293, NVIDIA L4, 874, 51
2026/10/09 00:18:36.493, NVIDIA L4, 906, 49
2026/10/09 00:18:36.694, NVIDIA L4, 874, 51
2026/10/09 00:18:36.894, NVIDIA L4, 874, 52
2026/10/09 00:18:37.094, NVIDIA L4, 874, 51
2026/10/09 00:18:37.294, NVIDIA L4, 906, 50
2026/10/09 00:18:37.494, NVIDIA L4, 874, 49
2026/10/09 00:18:37.695, NVIDIA L4, 874, 51
2026/10/09 00:18:37.895, NVIDIA L4, 874, 51
2026/10/09 00:18:38.095, NVIDIA L4, 874, 50
2026/10/09 00:18:38.295, NVIDIA L4, 906, 48
2026/10/09 00:18:38.496, NVIDIA L4, 874, 51
2026/10/09 00:18:38.696, NVIDIA L4, 874, 52
2026/10/09 00:18:38.896, NVIDIA L4, 522, 50
2026/10/09 00:18:39.096, NVIDIA L4, 394, 0
2026/10/09 00:18:39.297, NVIDIA L4, 394, 10
2026/10/09 00:18:39.497, NVIDIA L4, 394, 0
2026/10/09 00:18:39.697, NVIDIA L4, 1162, 3
2026/10/09 00:18:39.897, NVIDIA L4, 2346, 66
2026/10/09 00:18:40.098, NVIDIA L4, 1162, 98
2026/10/09 00:18:40.298, NVIDIA L4, 2346, 96
2026/10/09 00:18:40.498, NVIDIA L4, 1386, 98
2026/10/09 00:18:40.698, NVIDIA L4, 2314, 96
2026/10/09 00:18:40.898, NVIDIA L4, 1578, 97
2026/10/09 00:18:41.099, NVIDIA L4, 2282, 96
2026/10/09 00:18:41.299, NVIDIA L4, 1770, 97
2026/10/09 00:18:41.499, NVIDIA L4, 2282, 97
2026/10/09 00:18:41.699, NVIDIA L4, 2026, 96
2026/10/09 00:18:41.900, NVIDIA L4, 2250, 97
2026/10/09 00:18:42.100, NVIDIA L4, 2186, 96
2026/10/09 00:18:42.300, NVIDIA L4, 2186, 3
2026/10/09 00:18:42.500, NVIDIA L4, 1162, 0
